ownerName,cellphone,vehicleReg,model,maMe,year,passengerCapacity
Jackie Johnson,+27663990454,MB 50 GC GP,Quantum,Toyota,2021,16
Jackie Johnson,+27663990454,MN 91 GC GP,Quantum,Toyota,2022,16
Jackie Johnson,+27663990454,RR 59 GC GP,Quantum,Toyota,2022,16
Jackie Johnson,+27663990454,MX 78 GC GP,Quantum,Toyota,2025,16
Ronald Johnson,+27663990112,PW 36 GC GP,Quantum,Toyota,2020,16
Robbie Peterson,+27663990115,GK 88 GC GP,Quantum,Toyota,2018,16
Joseph Gomez,+27663990114,GJ 97 GC GP,Quantum,Toyota,2014,16
Sammy D Jackson,+27663990119,KL 65 GC GP,Quantum,Toyota,2019,16
Peter Peterson,+27663990116,PT 47 GC GP,Quantum,Toyota,2019,16
Ramos Gomez,+27663990117,KP 98 GC GP,Quantum,Toyota,2017,16
ASSOCIATION ASSOCIATION,+27663990000,JT 91 GC GP,Quantum,Toyota,2021,16
ASSOCIATION ASSOCIATION,+27663990000,JT 92 GC GP,Quantum,Toyota,2021,16
ASSOCIATION ASSOCIATION,+27663990000,JT 93 GC GP,Quantum,Toyota,2021,16
ASSOCIATION ASSOCIATION,+27663990000,JT 94 GC GP,Quantum,Toyota,2021,16
ASSOCIATION ASSOCIATION,+27663990000,JT 95 GC GP,Quantum,Toyota,2021,16
Samantha Blackstone,+27567750001,MB 50 GC GP,Quantum,Toyota,2021,16
Samantha Blackstone,+27567750001,MT 91 GC GP,Quantum,Toyota,2022,16
Samantha Blackstone,+27567750001,RC 59 GC GP,Quantum,Toyota,2022,16
Samantha Blackstone,+27567750001,MR 78 GC GP,Quantum,Toyota,2025,16
Ronald Johnson,+27772990112,PT 36 GC GP,Quantum,Toyota,2020,16
Robbie Jensen-Peters,+27772990115,GT 88 GC GP,Quantum,Toyota,2018,16
Joseph Ferreira,+27772990114,GM 97 GC GP,Quantum,Toyota,2014,16
Samuel D Smythe,+27772990115,KY 65 GC GP,Quantum,Toyota,2019,16
Jerry Peters,+27772990116,FT 47 GC GP,Quantum,Toyota,2019,16
Maria-Ramos Johns,+27772990117,KT 98 GC GP,Quantum,Toyota,2017,16
ASSOCIATION ASSOCIATION,+27772990000,DC 91 GC GP,Quantum,Toyota,2021,16
ASSOCIATION ASSOCIATION,+27772990000,DC 92 GC GP,Quantum,Toyota,2021,16
ASSOCIATION ASSOCIATION,+27772990000,DC 93 GC GP,Quantum,Toyota,2021,16
ASSOCIATION ASSOCIATION,+27772990000,DC 94 GC GP,Quantum,Toyota,2021,16
ASSOCIATION ASSOCIATION,+27772990000,DC 95 GC GP,Quantum,Toyota,2021,16
ASSOCIATION ASSOCIATION,+27772990000,GF 71 GC GP,Quantum,Toyota,2021,16
ASSOCIATION ASSOCIATION,+27772770000,GF 72 GC GP,Quantum,Toyota,2021,16
ASSOCIATION ASSOCIATION,+27772770000,GF 73 GC GP,Quantum,Toyota,2021,16
ASSOCIATION ASSOCIATION,+27772770000,GF 74 GC GP,Quantum,Toyota,2021,16
ASSOCIATION ASSOCIATION,+27772770000,GF 75 GC GP,Quantum,Toyota,2021,16